"Study","Y","V_1","V_2"
1,1,5.98233425074727,7.83559269814219
1,0,5.22887766387752,8.70963060713243
1,1,6.62449105571649,7.67066977650321
1,0,5.08303161321818,9.69899321048787
1,0,5.90282451644867,8.24007280358949
1,0,5.4669966038616,8.73238839985952
1,0,5.88773207968609,8.86255345054777
1,0,5.23712494732546,8.8146598282607
1,1,6.34250108323644,7.72646695717029
1,1,6.28306673121582,7.65766020812525
1,1,7.18594162668379,6.69916449884327
1,0,5.58652280913175,9.35691227288916
1,0,4.40214719959204,9.85200226185289
1,1,5.5471055359788,8.88817707434552
1,0,5.12220923431506,10.1271000592477
1,1,4.68631092876168,9.22465854774972
1,0,5.43472352488739,8.79672601197005
1,0,5.17802390148323,7.7155645214635
1,0,5.62253491591864,9.14348632986385
1,1,5.93321706646263,7.39704675547158
1,0,4.2950401983765,10.1589259163983
1,1,6.51438430493035,7.40708351701721
1,1,6.75206953781037,7.99924301860086
1,1,6.60567090162781,7.76811684515413
1,1,6.41735115655893,8.79065068675868
1,1,6.02548858129825,8.43925382428998
1,1,6.35577338648486,8.42653230138812
1,0,5.34982291338544,9.47396206230379
1,1,6.51327810992619,8.5370608938601
1,0,5.03782410934397,9.55233888748879
1,0,4.63902298147381,8.60353082137501
1,0,5.1888577829234,9.89604851442676
1,0,5.87871564817642,9.1448637815248
1,0,5.72786866788663,8.70470993293276
1,0,5.75567525918958,8.67460673061515
1,0,4.85858376359274,8.91930268217403
1,0,6.1602192450787,10.4004395232953
1,1,6.03703927264446,8.26640214080604
1,1,5.18175973017705,7.94827760767276
1,1,6.55099055875766,7.57556180349127
1,0,5.24813186890251,8.39978685313051
1,1,6.2249739830383,7.67398550144707
1,1,6.37511760655146,7.22367449388712
1,0,5.09679146399134,8.58092229709815
1,1,6.35133421217846,7.64148513020499
1,0,5.03160351305777,8.10680660762324
1,1,5.28739531079323,9.19688383888313
1,1,6.07743935426338,6.63715750685794
1,0,6.0431906155967,9.10364935846561
1,0,5.82714604855403,8.90565082170335
1,0,6.36537914957322,8.44565154135351
1,0,6.08611282302387,8.52202133480718
1,1,6.38723269162678,7.24917646478122
1,1,5.62720298282375,8.9514316132253
1,1,6.02312649080486,7.89306934648692
1,1,5.77992424642218,8.67819434509281
1,1,5.67908896210192,8.45747622580736
1,0,5.11329866942489,8.36833721101193
1,0,4.32955962772532,9.51672130136522
1,0,6.07624276353133,8.77717862174237
1,1,6.89802504848332,7.47749341051192
1,0,5.40445111761649,9.53348175255644
1,0,5.26899373136283,8.53717849028176
1,0,3.7248954363338,10.2429627192577
1,0,5.06339533111414,8.72678129840106
1,0,4.70066914428989,9.32938710721956
1,1,5.57731455891719,9.16756029476925
1,1,5.99616429577451,7.58291445910003
1,0,3.82959943318826,9.10506093094451
1,0,5.51168725511092,8.60617694527426
1,1,5.90364356735271,7.29420531245474
1,0,5.67176089840666,8.92142919550419
1,0,5.81658306600961,9.3341569579625
1,1,6.21946047511479,7.66717446267209
1,1,5.95776658175877,7.82122305213571
1,0,5.62717185861971,9.13435887947649
1,1,5.71211247958139,8.45978328900916
1,1,6.28073487930267,7.27975655191935
1,0,4.8317354249915,9.53123837572617
1,0,5.71103221957493,8.62367530980036
1,1,6.41332423850846,7.28260778370361
1,1,6.89891695467389,6.97355737237415
1,0,5.28948462685548,8.99709278630341
1,1,5.31667658724564,8.65045435855848
1,0,5.23027301231742,9.04881737109613
1,0,6.04108541300869,8.35680505315633
1,1,5.92685293174634,8.78496968469772
1,0,5.52207018513261,8.12047300545938
1,1,5.60125563837405,8.38867330747732
1,1,5.41218003838556,7.27571919982605
1,1,6.99441934009436,7.36710158292938
1,1,7.07364473743776,8.1628921157903
1,0,4.96981185645242,9.34201008115346
1,0,5.61582039380863,8.76163882442338
1,0,4.57653123137485,9.44574385588199
1,1,6.2131988574199,8.74098667934131
1,1,6.7228410333426,8.21159476643759
1,1,5.33394000712094,7.70902988890334
1,1,5.36787913237762,9.20454065647711
1,0,4.08723902155668,10.2936420242404
2,0,3.91777963749152,-5.30056382843139
2,0,3.03649084250849,-3.62240808003718
2,0,3.03051645128516,-3.50973086472304
2,1,4.23225667668892,-3.64278427681366
2,1,5.30646164573655,-5.22033279533944
2,1,4.50765892045519,-3.77024990701304
2,0,2.03395920718166,-2.97227275457804
2,1,3.93968240873114,-3.20358274881605
2,0,3.80431223285238,-5.47558798612461
2,1,4.46811448703519,-5.48027012263051
2,1,3.8785334611685,-5.15286019537469
2,0,4.36318019022245,-3.4993220711391
2,0,2.02631634970047,-2.60434159072343
2,1,4.8530195845776,-5.33047649683677
2,0,3.58395308005823,-4.3845443764987
2,1,3.8020405494354,-4.89426606614568
2,1,3.4145488860475,-4.26901951712357
2,0,4.49075508211333,-4.72647408037494
2,1,4.25426246856999,-4.93856482605689
2,0,4.55254567801675,-5.07000253002725
2,1,3.34733453393542,-5.04728427086111
2,1,4.32863069258918,-4.56706650086244
2,0,3.02133093650186,-3.77266307000384
2,0,3.23687460479743,-3.85004065011958
2,0,4.20916898209619,-4.19535484946457
2,1,4.7948721699652,-5.00947108790797
2,0,3.88473349106701,-4.38898386450944
2,1,4.35321162802958,-4.60888795694915
2,1,4.85070631072854,-5.66272666427966
2,1,5.13612060086381,-5.10579483048229
2,0,3.68998087667477,-3.08920276581263
2,0,4.09370832623724,-4.20008394042275
2,1,4.28750628965463,-4.38616472863085
2,0,3.94073744258007,-4.14468073728831
2,1,5.19075119401422,-6.01130039992866
2,0,3.95084677511491,-4.55171704506764
2,1,4.55220948642334,-5.42017723891826
2,1,4.89974294554194,-4.72029492945354
2,0,3.27733860590547,-3.84564032146996
2,1,4.21762221466424,-5.11642760066983
2,0,3.75788559597704,-3.75004366928182
2,0,2.97474994684063,-3.71560126052545
2,0,3.14349035545479,-3.33641671160467
2,1,4.16133321826564,-5.86908311763002
2,1,4.35200743758236,-6.01252015249601
2,0,3.81380535963259,-3.16107625220317
2,1,4.77694865246884,-5.58156528456848
2,0,2.84232596104579,-3.30112681246719
2,0,3.6500783730008,-4.02212533407583
2,1,4.96294013758518,-5.77885910841119
2,1,4.55683471020483,-3.93217957612231
2,0,3.18530118449426,-4.55497277536939
2,0,2.46437527991733,-2.73812022048682
2,1,4.53099122417551,-5.56264026296949
2,0,3.34646868700392,-4.2535001556842
2,1,3.88634099629038,-4.9259383293838
2,1,3.83184466264897,-4.21571723372424
2,1,4.60181910394829,-5.68430003710136
2,1,4.45516587542085,-4.65316233216938
2,1,4.42481766318224,-4.38757739465615
2,0,3.81100818258031,-5.16458067202712
2,1,5.8706381953019,-6.57796543910177
2,0,3.32613759764608,-4.49341462504406
2,0,3.93266486109905,-4.58203346116654
2,0,3.30730563440678,-4.54462106445032
2,0,3.09675133233063,-3.16510267571211
2,0,2.86636875147398,-4.18033180753101
2,0,3.24761916775616,-4.78958693432839
2,1,4.31013608282681,-4.94331832438253
2,1,4.94725193815302,-6.0194834072704
2,0,3.37030587023715,-4.71867578789009
2,1,4.0238260181718,-4.04164093208588
2,0,3.4861951044045,-3.44066888404708
2,1,5.04196964494187,-4.9451459700302
2,0,3.81544328870625,-4.32437594971203
2,0,3.34251004483698,-4.69415481303216
2,1,4.91479072874532,-4.27377121294616
2,0,3.16856671423216,-3.77718194500404
2,0,3.42249234758095,-3.60242256849533
2,0,3.13511615703514,-3.6345390223115
2,1,3.92880170594895,-3.48863218475509
2,1,4.73127281541766,-4.96297131865512
2,0,3.70032889774599,-3.91583408054044
2,0,4.11328679745362,-3.61159696778451
2,1,4.71945387595266,-4.27486072801045
2,1,4.27896123412581,-4.1761271220465
2,1,4.76325190387564,-4.5514598704895
2,0,2.62189405627043,-2.88440984628829
2,1,4.65334332930436,-4.95606825064446
2,0,2.70933811563471,-3.42212249299836
2,0,4.67913465065829,-4.47756468107984
2,0,3.58613158723943,-3.91359034246025
2,1,3.9675555752262,-4.61568855110813
2,0,3.7786386306118,-3.5849447701379
2,1,3.68255166135932,-3.96334091377638
2,1,4.67422120467801,-5.45481725311525
2,0,3.5253063208524,-4.10027307819466
2,0,3.38882610345791,-4.00543939362887
2,1,3.99531646087963,-5.08365340861475
2,1,4.90965121304303,-5.77734814731697
3,1,8.03973008434676,-1.30627309011376
3,0,7.69516363051655,-0.804380753667627
3,1,8.61219953549791,-0.036227722019631
3,1,7.31822349172861,0.799248787295394
3,0,7.45266574998898,0.155239584451746
3,0,7.42062429831666,0.636844723284105
3,1,9.00613358062134,-0.311578904792288
3,1,7.53475452808881,0.211749257446191
3,1,8.71065741295515,-0.461932356460314
3,1,8.80329142289003,0.239174010405973
3,0,7.48300900072653,0.222862526423804
3,0,7.75136982939447,0.140410224670953
3,1,8.54973278051481,1.29810939535913
3,0,7.9869203685841,-0.272005390464851
3,0,6.9967225659319,0.138498000621576
3,1,8.41001176986203,-0.376357390770993
3,0,7.39557347495705,1.68236018652911
3,1,8.31523443699045,-0.664399915622037
3,0,7.17747555082977,0.864191962449706
3,1,9.00819960365168,-0.782879190261056
3,1,9.38709076735633,-0.957011259316114
3,1,8.15914789807863,-0.00990252751313103
3,1,7.68940659307589,0.171254729121769
3,1,7.88778824143988,0.0239572743336463
3,1,8.30843071101295,-0.414474045206346
3,0,7.70689605086496,0.289192180143587
3,0,8.1659964264816,0.922345870458677
3,1,7.58808190508932,-0.388526290868166
3,0,8.14031241280981,-0.797726397339621
3,0,7.04470140695645,0.579344336846388
3,1,8.97907435696865,-0.164177547799612
3,1,8.29960275175656,1.06374050731613
3,1,8.36543902644091,0.318142237224264
3,1,7.94432780981693,0.412186146073609
3,0,7.79708354684502,0.434512181114633
3,0,6.6991048672959,-0.228785524210374
3,0,7.21739934469717,1.11010505381215
3,0,7.84009316454545,1.13883596304476
3,0,7.20238948671489,0.364653441810182
3,0,7.97770139574273,-0.204912204465826
3,0,7.24603535505894,1.83123567098232
3,1,8.77429598254991,-0.558681954315991
3,1,8.41049319399559,-0.537553611462604
3,0,8.31549118341345,0.397074496262977
3,0,7.81170581182693,0.707594608844996
3,0,7.07651790410738,0.344761416229807
3,0,7.02074710075653,1.16254302440889
3,0,7.32497759910279,0.965767843743246
3,1,8.24925410680073,-0.264191239608183
3,1,9.10789559444901,0.464860843420774
3,0,7.31774367594377,1.01934528946742
3,1,8.66131632128743,-0.347655751323935
3,0,7.54820880481315,-0.299063179290828
3,0,7.50330951282651,0.269708751276823
3,0,7.48566722480691,0.878066985927635
3,0,7.24469995073525,0.754951937939069
3,0,7.12190763907897,0.566819884400695
3,1,8.3200943968825,-0.204364666133577
3,0,8.21773481794817,-0.0357507423118544
3,1,8.77994618742318,0.365752428722622
3,1,7.82260477866005,-0.718751179215741
3,1,8.37248713801192,-0.309989963924228
3,0,6.84345293650528,0.832785179175194
3,1,8.51837797630677,-0.19865428231341
3,1,9.40613270025985,-0.858920078044244
3,0,8.16291143793559,-0.144665394621829
3,0,7.251401897085,1.44337951243544
3,1,8.23534173188437,-0.887488762925155
3,0,7.3067566621446,1.29457969313832
3,0,7.67966320222408,-0.0804226638804068
3,0,6.11026083434071,2.11142189823
3,0,6.86700479425437,0.526883731068275
3,1,8.06576156131706,0.791028669398018
3,1,8.43975266466135,-0.0972106651453706
3,1,8.48096456420145,-0.792189605745172
3,0,7.62185198315453,0.281812204371683
3,0,7.04961335888,1.52077850051749
3,0,7.45233785620582,0.957910799867094
3,1,8.28298571777789,-0.886994583165046
3,1,8.35503940512113,0.513226411515422
3,0,7.9116498546637,0.189689967199839
3,1,8.00788803577303,0.825013701098709
3,0,6.59827482672074,0.436009489788151
3,0,7.71301968004944,-0.127781016951916
3,1,7.5066162113016,0.279159186115795
3,0,6.6135345871687,1.15317554848656
3,1,8.04445425513263,-0.210923834020022
3,0,7.51091610834569,0.98500504681236
3,1,9.64898363917168,-0.200236238287177
3,0,7.86125110038804,0.25008478988607
3,1,9.537585610661,1.06391007602715
3,0,7.44290219678161,0.0470332000639492
3,1,8.93771208058974,-1.29598763359052
3,1,8.28372246174278,0.734416459191144
3,1,8.48910164638847,1.10084327730744
3,1,8.11636105562205,-0.695539663010829
3,1,8.79375075958838,0.35312775198723
3,0,8.17158637704244,0.165611907190707
3,1,8.63239059516627,-1.25508272132746
3,0,7.62382770578161,0.600197579314152
4,1,4.51866163702568,-6.37216111199237
4,1,4.47549327912659,-6.33928099140344
4,0,3.95659258590006,-6.35719754172403
4,1,4.22136723495615,-7.15327803379893
4,0,3.01324864998572,-6.21239079937508
4,1,4.24359264421316,-6.62288193574225
4,1,4.93261682681099,-6.67274299980915
4,1,5.15812142343237,-8.24878288376476
4,0,4.82006603715346,-6.18595686302842
4,0,2.91789999409137,-4.93742619129116
4,1,3.3049800051377,-7.01324816811301
4,1,4.20977351316589,-6.74798632282284
4,0,3.94854292526735,-6.69584289001759
4,1,3.7989444588493,-6.66720630670911
4,1,4.61407399619507,-5.74906076095502
4,1,4.40531189845227,-7.80003195447465
4,1,4.30309454130919,-7.46710657625544
4,1,3.59203623712814,-7.38437838949378
4,0,4.0755675873139,-6.31612407053377
4,1,4.99254901282652,-6.79859932351816
4,0,2.84895924535216,-5.78244015273556
4,0,3.602617700516,-6.65933638954004
4,1,5.14529691557961,-7.85968854367457
4,0,3.80111148031324,-7.0888824158504
4,0,3.92594307075538,-5.72306290858191
4,0,3.25506762128435,-6.13503329390172
4,0,3.82646932241449,-6.59535982128785
4,1,4.85834137132542,-7.75271331312472
4,1,4.52768252906562,-7.45947837203825
4,1,3.86723746440904,-6.62649574713843
4,0,3.11834305939821,-6.43888805872784
4,1,4.52363058414351,-7.15837274952262
4,1,5.01870102089507,-7.25819075353492
4,1,4.03270625377491,-5.99713075568763
4,0,4.18327003410946,-5.87342385695701
4,0,4.08067723061729,-6.60503957794429
4,0,4.56197001352665,-5.97294612265742
4,0,4.11049655399621,-7.52381209988814
4,0,4.35766622430507,-6.93717052426937
4,1,4.6046028600767,-7.25325287656446
4,1,5.25516510654201,-6.62095022732137
4,0,4.46874657037782,-6.23249953780891
4,0,3.96097247588233,-6.07966760236659
4,0,3.15587001607042,-6.90614530946813
4,1,4.40795509451872,-7.64820991451117
4,1,3.86178255400573,-7.47921333269661
4,0,3.9275732904959,-6.79465659856214
4,1,4.36108736515092,-6.11916387995737
4,0,4.05461480238869,-5.60455646369259
4,0,4.15427272153046,-6.11652925369158
4,0,3.94706867634364,-6.42912586581434
4,0,3.67811496685493,-5.33511238600018
4,0,3.70910388839464,-6.57698998251043
4,1,4.39117443844908,-7.10374461179009
4,0,3.84576190771981,-6.16434327473775
4,0,3.20400928575585,-5.81783624649962
4,0,3.01355257872641,-6.28420963684752
4,0,3.79682112567087,-5.89351170456575
4,0,4.93405072899923,-6.37014234104242
4,1,4.85225598736393,-8.12788018203914
4,0,4.41371814369286,-6.79665538009586
4,0,3.1593643072614,-6.15106204730135
4,0,2.63701267277436,-4.75576889461028
4,1,3.70373294374592,-7.78023417115546
4,0,4.74407309182547,-6.58777592938219
4,0,2.92168570534443,-5.51508800304726
4,1,4.37453520450859,-7.85924358086808
4,0,3.96872207079528,-7.23760275412113
4,0,3.05844467345408,-6.19284139260819
4,0,3.53895885181347,-6.06561179286499
4,1,3.47592073298667,-7.30224458094464
4,1,5.42962444240284,-7.21231621464375
4,0,3.63787319166343,-6.74139856689052
4,1,4.59230054445051,-7.40082855394737
4,0,3.38821847584203,-6.74497370190438
4,0,4.2004111458437,-5.91502785208793
4,1,5.25691912384949,-6.62175122409556
4,1,3.63324977391203,-6.85212331222795
4,1,3.61882697678876,-7.07059086240743
4,0,4.21627857816257,-7.62316804083615
4,0,2.85674903747626,-6.30611838480855
4,0,3.81755161816634,-6.08829729875381
4,1,4.98600793213032,-7.37713439452626
4,1,4.70918011287853,-6.94894904252528
4,0,4.69363657298567,-5.58838639181873
4,1,4.93464839983895,-6.93567798215698
4,1,4.90264478068152,-7.56238435049238
4,1,4.96759785261238,-7.3822659021379
4,1,5.17750938754114,-8.91910862596681
4,1,5.19795923695062,-8.36216842126055
4,1,4.53396895574661,-7.35805576351988
4,0,4.60878604817424,-5.7520257655433
4,0,3.80112387752616,-6.39668343187744
4,0,3.07413672846744,-6.29523304023341
4,0,3.79459760820833,-6.62904167923037
4,0,3.06225226909424,-6.42342228076865
4,0,3.44502883284018,-5.33641552753069
4,1,4.45747870151085,-7.39819402563309
4,1,4.18590709741507,-7.09390195102415
4,0,4.2428876919803,-6.11488278305469
5,1,1.35899078986397,-7.21418319208492
5,0,0.769315833032277,-6.04220441056647
5,1,1.63745404612062,-7.05987534291235
5,0,0.492697308210314,-6.02782183316087
5,0,1.08624354552862,-6.00355787133046
5,0,0.903364077819182,-6.76356872386542
5,0,1.30318319067056,-5.24901436209599
5,1,2.32966543802165,-5.64920449263176
5,1,2.17105319862517,-7.11024007986162
5,1,1.38578995449162,-6.78975967788673
5,0,0.477635791472168,-5.90463654453985
5,0,1.03575343364467,-6.14787135211151
5,0,0.994997894754136,-5.89865415418496
5,1,1.58566516774527,-6.82880877734249
5,1,1.02682334969772,-7.08928861706233
5,1,2.2294070757086,-6.69702406291075
5,0,1.2065159486211,-6.29992542525402
5,0,1.29061884576295,-6.16080017231494
5,0,0.854950623288856,-6.03878642219061
5,0,0.859015596562857,-5.87998217855839
5,0,1.07995412383755,-6.35036357625139
5,1,1.24143562724341,-7.51253648658917
5,1,1.98902407810618,-6.745300459926
5,1,0.80057742701189,-7.55973478900264
5,1,2.05058278076639,-7.45435323687513
5,1,1.52402352934289,-6.62670031071188
5,0,0.807489416642116,-6.12394201492459
5,0,0.55513843976036,-6.07170332299777
5,0,1.13592151814748,-6.04517214965765
5,1,1.94799172084327,-6.83105659710256
5,1,1.61722092885337,-6.86128121946363
5,0,1.06483485195066,-6.32941416353975
5,1,2.6947954329177,-9.02534802774844
5,1,1.16158743709439,-6.50831561839703
5,1,1.84218912772525,-6.89204361990223
5,0,0.497528520443158,-6.44489055652173
5,0,0.662371755251715,-5.84658618969189
5,1,1.33256666409618,-7.18334305408897
5,0,0.988848529706694,-6.0899760517747
5,1,1.65328971198502,-7.5480010016628
5,0,0.463877910511028,-6.34920550717028
5,1,1.7767291151785,-7.30251714977876
5,0,0.519680847460752,-6.71962387106077
5,0,1.30789868318932,-5.7576680457796
5,1,1.45398798962237,-6.14105422840416
5,1,2.66216704898427,-6.51807471132401
5,1,2.57576029176367,-8.75896478389574
5,0,1.30946071113499,-6.54114229573876
5,0,1.05792790278091,-5.68425093496043
5,1,-0.18877975404445,-5.74480217754222
5,1,1.57029078340855,-6.58743021408878
5,0,0.2533878967934,-6.1410188960731
5,0,1.06413114164773,-6.46128378769359
5,1,1.29397995203966,-7.55442440486705
5,1,1.03439967015017,-7.3023181390849
5,0,0.393991155291613,-6.27540851371726
5,1,1.4173333642859,-7.56846603788705
5,1,0.54775809036973,-7.49232526498451
5,0,-0.53625529939101,-5.82136690838246
5,1,2.1644399700683,-7.83684508883134
5,0,0.153760221589352,-5.04641752835136
5,1,1.01499258797221,-7.34548328216237
5,1,1.293816952275,-6.77436826979627
5,0,0.405499566309546,-5.3219755082322
5,1,0.674376931865254,-6.40448630772641
5,0,1.73452174241968,-6.56832866718681
5,1,1.72732962763103,-6.77514161324114
5,1,1.40079072672664,-7.46862421906412
5,1,0.60826194056867,-7.20388907690925
5,0,0.655238891038204,-6.02716535347464
5,0,1.33597812430704,-6.04640050011412
5,1,1.57343235274173,-7.42405408667812
5,1,1.76684899252451,-6.87962683736378
5,1,2.64074883205966,-6.50410660784646
5,0,0.837896931335495,-5.47065491430826
5,0,0.101269214693526,-5.38830494702827
5,0,1.08288872348407,-6.37515264468871
5,1,1.34264181726045,-7.11540285602326
5,1,2.02320150197015,-7.34600048750316
5,1,1.73116236041499,-6.72170184785833
5,0,0.326547154950722,-5.28812150210751
5,0,1.21476662271358,-7.42449117995473
5,1,3.15018263117103,-8.13977516403594
5,0,1.16448898270668,-5.93212003441518
5,0,0.636751379972131,-6.95257516601018
5,1,2.27941634081554,-7.06022953234019
5,1,0.760852535061217,-6.59462425146415
5,0,0.291994871224974,-6.31831720918158
5,1,1.34570252598961,-7.17461983696284
5,0,0.703986493912195,-6.60533018743686
5,0,0.960241655025642,-5.32025608197171
5,1,2.0050849493902,-7.64055490346078
5,1,1.28989418503686,-7.14328406829632
5,1,1.07317031029164,-6.47533933542411
5,0,0.423818086825456,-7.86966740152459
5,0,1.51672737032045,-7.15793320365357
5,1,1.08400529120297,-7.10552655955583
5,1,2.11925063618033,-7.05106766405973
5,0,1.3653923667455,-6.30322794765819
5,1,2.32994336482484,-7.16900592678137
6,0,3.56185937025078,-9.9717930859806
6,1,4.01480132414655,-11.2582142835246
6,1,3.92388587658117,-9.93878254047562
6,1,4.20542060443311,-10.0560260959778
6,1,4.7496916812748,-10.0186604236596
6,0,4.17367843295258,-8.62894073565895
6,1,4.07471378543715,-8.84935340214532
6,1,4.28733394132487,-9.47971880783234
6,1,3.9790625396232,-10.0182211650083
6,0,3.12777824043724,-10.3480531780593
6,1,4.68069157872239,-10.8305023246811
6,0,3.46477193346466,-9.77969704012937
6,1,4.75616433698887,-10.5526092936271
6,0,3.63081351349402,-9.72843271440379
6,1,4.2393832417752,-10.4375396373068
6,1,4.94979847777535,-10.7731479267141
6,1,4.24870833994189,-9.95272579523317
6,0,3.28257663688797,-8.354726485033
6,0,2.65552745977815,-9.57633925508351
6,1,4.66866544644269,-10.2443847351172
6,1,4.35422459000165,-10.255792789582
6,1,3.89407039430643,-9.59828923659168
6,0,2.59681921533281,-8.34771247829581
6,0,3.4648130472152,-8.336289809756
6,0,3.50764612462424,-8.9982506107673
6,0,3.19682118000425,-10.0044179231874
6,0,3.85646653839843,-10.4272761216231
6,1,3.76925144866959,-9.09813424299508
6,1,4.09116372526703,-9.69963765839185
6,1,4.21720292918561,-10.0361548008645
6,0,2.7609373218521,-8.4054530741919
6,0,2.9999643869676,-8.38629429855665
6,1,4.27048566645963,-9.25707691942209
6,1,4.66579276087478,-10.1637050976731
6,1,4.12821494477366,-9.13347235993101
6,1,4.79302465207478,-9.89318865633421
6,1,5.26417641454126,-10.5541078795165
6,0,2.2414782425345,-9.36249643137658
6,0,3.02569700522325,-9.375499032962
6,0,3.07212914573866,-8.07874649588573
6,1,3.70064050927705,-9.19635641351636
6,1,3.9463725424773,-8.99143442596175
6,1,4.5041614979049,-9.5035772766452
6,1,3.81364989623956,-9.10915800627093
6,1,3.42554244228468,-8.95995714579721
6,1,4.76499080927206,-10.9483800804281
6,0,3.14089214179006,-8.76269928412006
6,1,3.75991670023783,-10.1390847631871
6,0,2.45417907464151,-8.25448911625627
6,0,3.19676550057097,-8.06190995387644
6,0,2.50257040176657,-8.31912000525536
6,1,3.72299890389846,-9.43215324471705
6,0,2.63058766492891,-8.89791822360783
6,0,3.33267099112739,-9.53999889214314
6,0,2.995585799908,-9.26430155430665
6,1,4.40195617273587,-10.9872079286429
6,0,3.84306870155411,-10.7563094886253
6,1,4.15984044319076,-9.654922632351
6,0,2.21213835671857,-9.01503432399681
6,0,3.43945639603509,-9.49033749082216
6,0,3.67393954863428,-9.23012432541069
6,0,3.34295415924622,-9.54787920093534
6,0,3.79867854997088,-9.29042437750602
6,1,4.16176503720892,-9.65359633024139
6,1,4.47395898998152,-9.79976072034214
6,0,4.19172369121125,-10.1392158429022
6,1,3.87273391782441,-10.2150409111094
6,1,4.64890500060331,-11.102300307867
6,1,4.49502602196679,-9.73961218246004
6,0,2.80853849758362,-8.44607844491041
6,1,3.92773158257053,-9.25311790063507
6,1,3.94468624554327,-10.6788568876446
6,1,4.19526089594929,-10.6999491498877
6,0,2.7000100356639,-9.2341842790308
6,0,3.42099400992556,-9.48977787787812
6,0,3.73949075599674,-9.0120323211268
6,0,2.31684643313611,-6.95923254000985
6,0,2.84859003937727,-7.90511807363079
6,0,4.21033949302558,-9.08951854465619
6,1,4.65154290715073,-9.36544981903733
6,1,4.2497829276424,-10.1393302220021
6,1,3.89015189581963,-11.2121920877774
6,0,3.0255551750713,-9.00421522013361
6,1,4.30865580284262,-10.4100761535702
6,0,3.97253966416111,-9.16537562329865
6,1,4.14908008565513,-10.6034996269868
6,1,4.84826292780878,-10.6892405303864
6,1,4.59199572053411,-9.56145809224117
6,1,2.98747603242377,-9.12008299162554
6,1,4.27447783813,-9.59198777848522
6,0,3.42383776278469,-8.71321736406642
6,1,4.97864220852796,-9.5555042057181
6,0,3.12226763033104,-7.42005737373794
6,1,3.70657464575928,-10.1148489505568
6,0,3.78846533489908,-8.76190546425707
6,1,4.01680916352402,-9.37769447206343
6,1,3.43049013678363,-9.41445860920254
6,1,4.43619673277611,-9.78212598749773
6,0,3.01105719470298,-8.18779268007425
6,1,4.26753582386666,-10.3028858509285
7,0,10.7089976348145,-5.70347235172625
7,0,10.8787501160905,-5.39379888455427
7,0,10.3102587998791,-4.42054856372039
7,0,10.0480774617235,-4.99198567395848
7,0,10.3127788877579,-4.22604499239867
7,0,10.5779292991914,-4.44814789600779
7,0,10.3500319521265,-5.08954782698269
7,0,9.51003565092403,-3.2168785633212
7,0,9.80373250907606,-4.03276587497406
7,1,11.3205068725154,-5.74264447501971
7,1,10.1893530274962,-4.57183782417256
7,0,9.63961701436504,-5.08109706412858
7,1,10.6437264121413,-4.36385708601307
7,0,10.8713926875595,-5.11613484746535
7,0,9.52961578760251,-3.62285967554202
7,1,10.7464056477529,-5.61342748984603
7,1,11.257689638989,-4.63239223227067
7,0,10.9250250269747,-5.0193002877
7,0,10.9415054363061,-3.95002564275178
7,1,10.3759162238857,-5.3557721009527
7,0,9.84778170798492,-4.07493751236402
7,1,11.0238581047869,-5.46980707705357
7,0,10.5486799916497,-4.04279071658309
7,0,9.82605213468121,-4.32836666708151
7,0,9.94925291578421,-3.68516903146285
7,1,12.0834892458215,-5.51635439358837
7,0,9.91488935706263,-3.7445135280278
7,0,9.94660819385911,-4.81541891345855
7,1,11.2304415181427,-4.31472937577594
7,0,10.106398621077,-4.60756498055416
7,1,11.1599864606872,-4.8110212883188
7,1,10.3669241646095,-5.12054010680031
7,0,10.0857268329701,-4.72284810629522
7,0,11.1094255703555,-4.46738611016915
7,1,10.7771339463833,-4.44679911912304
7,1,11.3437024623072,-6.27440253342579
7,0,9.88929394162438,-4.33903997790265
7,1,10.7237673601945,-5.87542939102258
7,0,10.462590590725,-4.48635607649317
7,0,10.8949681632525,-3.51159870662083
7,1,11.4595595907929,-4.92659203109026
7,0,10.4465539107037,-4.72450605970512
7,1,10.9334514531925,-5.24100513849361
7,1,10.9500660845597,-4.99852562355885
7,0,10.6862362432831,-4.51279481475979
7,1,10.7833254258271,-5.18184682297996
7,0,10.555629865247,-3.53943665855033
7,1,11.5235240291653,-4.46947564860836
7,0,10.1462818511618,-3.87555861783196
7,0,9.08596191118542,-3.28698217489734
7,1,11.1280414670862,-4.04723872589925
7,0,10.2991789533499,-4.21820106319295
7,1,11.1563315755537,-5.00925124457724
7,0,9.68398675193165,-3.62531776364919
7,0,9.96690832382097,-4.46168852122811
7,0,11.3282596114007,-4.88448758898439
7,0,9.9738606708039,-4.99489869446561
7,0,8.78793341695136,-2.47632202432852
7,1,11.4837187537294,-4.7257918348107
7,0,10.301953562522,-3.5610466291666
7,1,9.66708547370638,-5.02821308918178
7,1,10.9821805990729,-4.96016889266868
7,0,9.95841513918091,-5.36690892907664
7,0,10.7421631707915,-4.2743598605201
7,0,9.90128268729209,-3.35276936228998
7,1,10.5326641703539,-4.32387022720588
7,1,10.8224965525699,-5.23980504292265
7,1,10.5952692266439,-5.65863380689873
7,1,11.9528779807966,-5.5407274603198
7,1,10.7645082754312,-4.87900782509772
7,1,11.0751905069984,-5.09267983803466
7,0,10.2962934605911,-4.7226777279777
7,1,11.7139472385774,-5.59373732326652
7,1,12.3341062777536,-5.34260118947382
7,1,11.0015831829259,-4.63046155097988
7,1,11.9128953248476,-5.70599268584979
7,1,11.6473268403292,-5.72047437943322
7,0,10.7078817048878,-3.81362126765685
7,1,10.39578377945,-5.36607337476782
7,0,10.4245404577991,-4.8858832232059
7,1,11.3753076535054,-4.55284812838609
7,0,9.81570790777593,-5.15703358145748
7,0,10.0538265705595,-4.82511017016793
7,1,10.9279387054699,-5.24972438942055
7,1,11.6199684587176,-4.56541851075867
7,1,10.9405982751669,-6.19111135335528
7,0,10.5395644232531,-3.69364768572556
7,0,9.11140459393179,-2.97790099631202
7,1,11.2698654506227,-5.09034697054126
7,1,10.423959968884,-5.44037267147613
7,0,11.1868637626353,-3.77049675442144
7,0,9.27733391067357,-4.34588743482041
7,1,10.5653574129278,-5.20800553081212
7,1,11.0188548850781,-5.22570247423675
7,0,11.3164526984556,-4.4995504282466
7,0,10.5907894653143,-3.73230620143009
7,1,11.0807220437787,-5.08547065360778
7,1,10.3944541948555,-4.56048143885575
7,1,10.8745881256572,-4.28388188578809
7,1,12.6800499252455,-7.23146768594698
8,0,6.06553762729453,2.66684860423135
8,1,6.9774743248226,2.37670775443441
8,1,6.80295418510345,1.53844928816139
8,1,6.625466086044,2.7935365343024
8,0,6.50611457137781,3.18760985426068
8,1,6.13917947696601,3.05306631594907
8,1,6.27807232885803,2.85316900997926
8,1,6.30594869866725,3.4211737195353
8,0,5.99623574495682,3.04355355891842
8,1,7.2388012299089,1.30240861316394
8,0,6.80863484239881,1.81670927876276
8,0,5.4936287088634,4.20672670949221
8,0,5.64648225458152,3.92754846143252
8,1,5.95878888733106,1.87343858523295
8,0,5.52500020211385,3.38051032856886
8,1,7.37473217623759,2.18576830189955
8,1,6.8175070390531,2.116719790321
8,0,5.30594359218079,3.30254095543028
8,1,5.73837234638292,3.6464769795153
8,1,6.18960661333189,2.51783351167325
8,0,5.81671560766277,3.67350710947891
8,1,6.3697221090001,3.19932547789017
8,0,5.45911546599459,2.58758122747343
8,0,5.88662090420087,3.0321586441267
8,0,4.90824319795123,5.0893989376606
8,1,5.72049084793655,2.56349716066824
8,0,5.01466560884796,3.04118748770474
8,1,6.25341247852829,1.80702563247547
8,0,6.22731973418893,3.3307034818471
8,1,6.35138325110779,2.25217347692677
8,1,6.79885781431902,2.40727451709693
8,0,7.01744992675095,2.56932903828883
8,0,5.89370154461495,3.50336597071872
8,1,6.13406304292749,3.33616033088731
8,1,6.30167640601807,2.25086976335475
8,1,5.85468949186536,2.27832894735344
8,1,6.46457731257592,2.53111565405279
8,0,5.26503195387306,3.36683488244605
8,0,6.33601520052517,2.50232196597108
8,0,5.95405066013555,3.33304223134405
8,0,5.7103385237231,3.1322145430613
8,1,6.95275760790691,2.93404774846048
8,1,7.66810356132403,1.25670507210847
8,0,6.68494575488656,2.12799342512548
8,0,5.34104825194203,3.34662778266566
8,0,5.83808366912584,2.64683895195799
8,0,4.76508062245263,3.71010227097696
8,0,5.74503166208341,2.75622148483852
8,1,6.39873147909573,2.6072585549634
8,1,6.55983914262841,1.72278860663774
8,1,6.18483648138828,1.705753164125
8,0,5.31536665435946,2.49009892551205
8,0,6.5686660484065,3.10749936151278
8,0,5.86752023399175,3.10310210086023
8,0,5.76528616923782,2.75050312448946
8,0,5.95759918092585,2.67712965861221
8,0,5.67213029612177,2.52543424530873
8,1,6.01745121160465,2.21782910107513
8,0,5.93871961450946,2.27628752916173
8,0,6.18736200433392,1.51859679121532
8,1,6.11856463363822,2.90375234025469
8,0,5.26862833352809,3.63435382412114
8,0,5.4396347976896,2.93690614676825
8,1,6.61715699506264,3.37869140139339
8,1,6.2054827184511,2.33188388442287
8,1,6.38027974598563,2.16763219093557
8,0,5.78477832977804,3.53664038906338
8,0,5.72730228591021,2.85822503006897
8,0,6.22793398441998,2.66960467222412
8,0,5.59986980160981,2.94073498148185
8,1,6.16366580785561,1.51911112316959
8,0,5.96971873207999,3.46669887784098
8,1,6.80571845777738,2.5840121740244
8,0,5.35470289078094,2.24148310570455
8,0,5.53187563374224,3.14593406005866
8,1,5.92557886929972,1.5881717567044
8,1,6.01292218494689,2.22852847383708
8,1,6.10404228880961,2.78434041847128
8,1,4.7773050552855,2.68311949780227
8,0,6.54945515247683,2.44973528729637
8,0,5.92486545644433,2.75529921643497
8,1,6.34561969898339,2.36022560600129
8,1,6.76773530622891,2.4523555910687
8,0,6.43434617618369,2.38142634619855
8,0,5.72865236331973,3.00253610772236
8,1,6.73322336472716,3.04557405765603
8,1,6.36582963749116,2.05039902298985
8,1,6.6921179353893,2.74655715368751
8,1,6.44808981975523,1.24097387160622
8,1,6.83102067968354,2.2005296435455
8,1,6.612506244654,2.40440611740255
8,1,6.5221067453276,2.01894591873377
8,1,6.05316805168742,2.63011363033219
8,1,6.1590566811897,1.31383015741424
8,1,6.6599392889914,2.5125799605551
8,0,5.89099935553544,2.25305007848852
8,0,5.76811768585796,2.94117717562758
8,0,6.23477638402531,2.28519818260532
8,1,6.08586072386409,3.13404723668122
8,1,6.38706947317499,3.20753467437164
9,0,-3.85008174002076,1.09397450589429
9,1,-3.04478113539315,0.901691313582896
9,0,-3.68707745588314,2.69639009699172
9,0,-4.33325995481972,1.35017451590139
9,0,-3.37216682922149,0.550888824910101
9,1,-2.17754873086882,0.582896622572082
9,1,-3.15702707546759,1.20283778440254
9,1,-2.97159528645614,2.36483838041923
9,1,-3.20278275086279,0.926072997928941
9,0,-4.4237719792164,0.710461415294635
9,1,-3.33078262255449,-0.306398267761122
9,0,-3.62996901685511,1.03579450112184
9,0,-3.6064659297478,1.07787159299079
9,1,-3.34293557140272,1.3760405763694
9,1,-2.83661721428246,0.0268277732270072
9,0,-4.09239971943267,1.85086042383755
9,1,-3.42915070668817,1.40764433785839
9,0,-3.62185993712787,1.54819226748927
9,1,-2.18195485130433,-0.688059758510271
9,1,-3.59483436474837,2.58512694151973
9,0,-2.92038338209503,0.943043864927867
9,0,-3.81415762758064,1.8276216236294
9,1,-3.49086629297456,0.302951137947465
9,1,-3.00588224361769,0.618726498118825
9,1,-3.75677699211858,1.32517210835964
9,1,-1.48898569688662,-1.13794322074269
9,1,-2.60816786451867,0.451997583435592
9,0,-2.74112945518865,0.0135840288220859
9,0,-3.36594862600797,1.44696532827394
9,0,-4.23588686660131,1.42244786135022
9,0,-4.21578731281855,1.74394225527147
9,0,-4.61232664979492,2.45908872694988
9,1,-3.73601554096421,1.34497757322922
9,1,-3.00298295945371,1.34579701736454
9,0,-4.01953417625371,0.989115388702294
9,0,-3.91666730583017,0.614817508159788
9,1,-3.73841224534986,0.89582274864973
9,1,-3.39557692401581,2.00964873690222
9,1,-3.75616515896121,1.468575099065
9,0,-3.57868214549871,1.65451476258208
9,1,-2.88787422908647,-0.310683180136287
9,1,-2.12572004050818,0.363520065443913
9,0,-4.51506958901848,2.40615656749065
9,1,-2.93365706444709,-0.391960939574504
9,0,-3.67738819301789,1.49572082917878
9,1,-3.03226413972134,1.8218078196794
9,1,-4.06890435039815,1.01478601649327
9,0,-3.71195092018108,0.817116798475568
9,1,-2.92089618116773,0.0378508101844464
9,1,-2.6359219153349,0.440861489918862
9,0,-4.88992068510757,2.01762278495506
9,0,-3.44894289118413,0.777181712716747
9,0,-4.99744515049282,2.82206404630583
9,1,-4.01429419497584,0.958846531291945
9,0,-4.24605915407649,1.16604992720751
9,0,-4.02105743149647,0.932431759136249
9,0,-3.58752613996814,1.60180881272394
9,1,-1.92132431614363,0.132215705806467
9,0,-3.69724004800196,0.404914988303507
9,1,-2.56151288583103,1.56416008155301
9,0,-3.82593667550092,1.43883011046098
9,0,-4.29095886766491,1.39605789970453
9,0,-4.31805856026685,2.96574186120513
9,0,-4.20318634321409,1.93421773188144
9,1,-3.06676765265573,0.0654343415203585
9,1,-3.15661043260479,0.645507728525386
9,1,-3.8493309726935,1.01304590314472
9,0,-3.91998574529722,0.708804673913679
9,1,-2.64150270616721,0.595686526891248
9,1,-2.99672466948553,-0.527589175524786
9,1,-2.46721454979607,0.922121726460234
9,1,-3.69694447794402,1.34111015875269
9,1,-3.65028753533071,-0.541305101622072
9,1,-4.14755174088922,1.07828447736644
9,1,-2.88893568851288,0.668221606190257
9,0,-3.39658088496803,1.88392738135658
9,0,-4.21460253175124,1.51412180982769
9,0,-4.6679871102951,1.50890802107407
9,0,-3.00624483460585,0.858944905677868
9,1,-2.43717062958151,0.957939981066208
9,1,-3.07279425317536,1.26084261989143
9,1,-3.43470291856694,1.56871187529393
9,0,-3.22581867831157,0.968508208879601
9,1,-3.03067052048327,-0.0418140991839977
9,0,-3.98559587809452,1.18892887864487
9,0,-3.71278460265787,1.46411095457367
9,1,-3.6373161167387,0.41177768357967
9,1,-3.19748603655013,1.22770815706805
9,0,-4.30822573616774,1.06199998994498
9,0,-3.66840786022397,0.0479628449195877
9,1,-3.55393337450408,1.12551888733449
9,1,-1.70060313561962,-0.878155280980931
9,0,-3.82613025330872,1.37709418835073
9,1,-2.7563673699571,-0.748114886522581
9,0,-3.49036313794543,1.37386277752996
9,1,-3.51066515000902,1.44695795088282
9,1,-2.27561341838059,0.112964040549415
9,0,-3.7388957096768,1.33921730323692
9,1,-3.72966892459565,1.48559688206852
9,0,-4.38912208446964,2.37939232074817
10,1,-7.94967975722621,7.33863517555034
10,0,-8.57843149057244,7.96892071165518
10,1,-8.23411337482686,6.79856836245763
10,0,-9.89395729412686,8.33781142070218
10,0,-8.59973860599655,7.62621344265416
10,1,-8.00966992068039,7.0598848076559
10,1,-7.50456351681541,6.13313148817878
10,1,-8.3384517982476,7.9693971940655
10,1,-7.88964754119786,6.01958622932584
10,0,-9.75243239247149,8.2539299171884
10,0,-9.25347822527668,9.25577513387899
10,1,-7.62898763191948,5.42824132501809
10,0,-9.10520746420234,7.13798132312664
10,0,-9.73663138321702,8.28670113394017
10,1,-7.88315074241268,6.84489237540787
10,0,-9.04039115477781,7.48598104463993
10,0,-7.8066983347522,7.05077859890825
10,0,-10.1578164491162,8.42957297936331
10,0,-8.46379026769814,8.02341216354732
10,0,-9.23836199056418,8.65062703708708
10,0,-10.5770855092756,7.37646269127839
10,1,-8.20099853908136,7.42043634726528
10,1,-7.95947804008445,6.69770858535977
10,0,-8.33883617286438,8.12317909504999
10,1,-6.97725279486172,6.01271048065725
10,1,-8.94217853901189,7.20451740251328
10,1,-8.61079484806444,5.76980559567683
10,1,-7.80277973187398,5.73646330425881
10,1,-7.30538418452849,7.07063755824995
10,1,-8.40535914202483,8.58634588735022
10,0,-8.59967130882278,7.26477354751263
10,0,-9.18076524079589,8.14518476745329
10,0,-8.71767966814482,7.90376862041735
10,1,-7.32772142761616,6.28827125214801
10,0,-9.00312867560611,6.65950828682741
10,0,-9.00824783652203,7.90801429449545
10,0,-8.61133222034145,7.72643277555589
10,1,-8.50224443697317,8.0241473140042
10,0,-7.81453951626427,6.4414070480917
10,0,-8.22508402259018,7.74289403121402
10,0,-8.51249531276225,8.42080359039442
10,0,-10.0199300603321,8.58890642895205
10,1,-8.7182559048575,8.335216118619
10,1,-7.98259010067336,5.7876662219268
10,0,-9.33042127198646,7.14789486161176
10,0,-8.67900541670983,7.34085542348464
10,0,-10.1823429557994,8.5832632165639
10,1,-8.34294878199284,6.20833839743096
10,0,-8.18317590771406,7.7477539891263
10,1,-7.61037016382837,7.40284114097073
10,1,-7.38041710237164,6.82420668518924
10,1,-8.54251957877851,7.42927721148136
10,1,-7.18174413957215,6.11013620976108
10,1,-8.331280771248,7.34330502434283
10,1,-8.2275623359755,6.61261942254071
10,0,-9.06452417494926,7.9062147647531
10,1,-7.99614087549812,6.36946582130776
10,1,-8.11694455703893,6.58375211413842
10,1,-8.82010282873519,8.1122925712676
10,0,-8.44105872745499,7.47458897107498
10,1,-7.6368023881505,7.22794022786685
10,1,-8.9292828384604,7.62163761269542
10,1,-7.99506575866581,6.82248715308237
10,0,-8.81658556551825,7.37931546598981
10,1,-7.59977514787727,5.88975374000266
10,0,-8.48743186263637,7.66443683957745
10,0,-9.88521549651985,8.46167992652015
10,0,-8.30268189090207,7.73192445181498
10,0,-10.2566981810691,8.50255394227476
10,0,-8.9154157862839,7.5335260155405
10,1,-9.09572549103371,7.98549391079561
10,0,-8.57969779346551,7.71589815086242
10,0,-8.7870726130221,7.6059259947676
10,1,-8.03507381510091,6.50104017184513
10,0,-8.78655520310403,7.62845967401187
10,1,-7.91745247170405,7.04478402185957
10,0,-9.22876525001825,6.42647222253577
10,1,-7.52029401232394,7.53929042185823
10,0,-9.81933582832724,8.109400961326
10,0,-9.93874691105125,7.81759687670878
10,1,-7.80581279781448,6.82012024558664
10,1,-8.49841265498077,7.15778853047386
10,1,-8.95609295042433,6.9328733865861
10,1,-8.23939700673479,8.35887633575049
10,0,-8.59250499610666,8.48577882312462
10,1,-9.27336098292847,8.31498106207284
10,0,-9.67678836727886,6.72626962884866
10,1,-7.37256092122065,5.99851207671663
10,0,-9.68985838856353,8.98312995045062
10,1,-7.8801244396592,6.50186066435688
10,0,-9.94553694140113,8.21733157731128
10,0,-9.65174616459161,8.09223062730982
10,0,-9.92839642959093,9.70080691051141
10,0,-8.06472429688896,5.96641920467236
10,1,-8.48626232938656,6.07083746372187
10,0,-8.61356293209113,8.28035427130581
10,1,-8.55802020933325,6.59161130056486
10,1,-8.51936800196933,6.44699155504338
10,1,-7.91158222815609,7.05010280358523
10,0,-8.77175271040166,8.45166504427295
11,0,6.84539719214274,-9.98668181452847
11,0,7.25951402973436,-9.31693451275453
11,0,5.98310399607191,-9.2568601329884
11,0,7.30220926114053,-9.54503787444399
11,1,7.79142868478059,-10.1059516498201
11,0,6.91376343293778,-9.79881078125619
11,0,6.4292754760132,-10.5985359382282
11,0,6.53496929066096,-9.00617360657134
11,0,6.56067927320009,-8.29805840716012
11,1,7.43321591806185,-9.80512110424675
11,0,7.13323003198034,-9.41922021107451
11,1,7.29008559956254,-10.4171996293942
11,1,7.71416133695654,-9.88475356282121
11,0,7.42140366886236,-9.64422078620884
11,1,7.2855415281349,-8.65288180520784
11,0,7.36940140072942,-9.45266484701853
11,0,6.87241408294503,-9.46425665090124
11,0,6.70611685844239,-8.57919637283538
11,0,7.04414783715873,-9.2132856878797
11,1,7.86292711551268,-9.58179346092236
11,1,7.93303429464061,-10.6045958674585
11,0,7.0877904069932,-9.28478554699256
11,1,8.2745025324154,-10.8198677982965
11,0,6.62961231351083,-9.83043074748178
11,1,7.96987361668598,-10.6560923095517
11,1,8.36517218550335,-11.3129246168507
11,1,7.75745714911233,-10.279981537643
11,1,8.30579424027144,-10.2182993088412
11,0,7.11704413829384,-9.68275443070369
11,1,8.5799370035009,-10.9253949395756
11,0,5.74457457882391,-7.99713906535116
11,1,7.78574564228074,-10.1127925195501
11,1,7.40477033913883,-10.4377359128518
11,0,7.08369771416623,-9.52662696534903
11,1,7.71790727308403,-9.63037742777558
11,0,6.8790932384824,-9.89269296435361
11,0,6.97362261075312,-10.2858483691398
11,0,6.99547497468301,-9.42368660836151
11,1,7.92762457044963,-9.93966180743024
11,0,5.44176037358616,-8.11555031335076
11,0,7.0375098580432,-9.35927525783888
11,0,5.75611735928803,-8.57918210955605
11,1,8.92987961286723,-11.6878214475475
11,0,6.9760944168217,-9.20770458700932
11,0,7.33073170974117,-10.0012418760906
11,1,6.97189127705786,-9.96572750422449
11,1,7.41763176849698,-9.10984030658997
11,1,7.87254543250681,-11.1670003135103
11,0,6.75298271581433,-9.72852983303888
11,0,6.59056806714222,-10.5422238901986
11,1,7.62476645382545,-10.0055090997641
11,1,7.54631168329414,-10.3264610391162
11,1,7.69365585933593,-10.219740836654
11,1,7.34110797418233,-8.8448830484754
11,0,6.94846245865756,-10.5216833380354
11,0,7.57581379520625,-9.88004803669512
11,0,6.94236652448767,-9.48977099844468
11,0,6.67959390778993,-9.56825454236808
11,0,7.0662212644204,-9.29025637024615
11,1,7.36074992045084,-9.96420346625093
11,0,6.09870008784444,-8.5003186626395
11,1,7.98501159013884,-10.4398693436322
11,0,6.28901372583366,-8.62947734710173
11,1,6.43627594379563,-8.63463447434279
11,1,7.39978146772488,-10.7669683458809
11,0,7.17094009072944,-9.19105520267039
11,0,6.12382099761409,-8.14436553842287
11,0,7.00312842438699,-10.6480718817235
11,1,7.70796457085727,-10.3629830219583
11,1,7.98771704286286,-10.6625899119796
11,0,7.16034154524717,-9.21022531614852
11,1,7.77066347900672,-11.3345851943068
11,1,7.96762067815719,-10.7565361798753
11,0,7.22206910115881,-8.67903884892618
11,0,7.02265692578747,-8.16374807894329
11,0,6.8842928915624,-10.4396618675378
11,0,5.29769697845719,-9.34239217586286
11,1,7.66476327520888,-9.80119725507293
11,0,6.44137289128136,-8.01050601081879
11,0,6.18554530386144,-8.26036507984534
11,1,8.2694976528569,-9.94429369547058
11,1,7.63607767914007,-10.0942242301465
11,1,7.80625459743027,-10.7441556534995
11,1,7.31210154726106,-9.43639727523011
11,1,7.18572494483745,-9.56646341965062
11,1,8.26240669910666,-10.5406952459119
11,0,6.77210744280145,-10.2173594516232
11,1,8.38483428956285,-10.097364911262
11,0,5.69194851830234,-9.07612226768122
11,0,6.57485759153641,-9.44141301811032
11,1,7.63068247145454,-10.3304886123127
11,0,7.03506885949907,-10.3977965599288
11,0,6.17457460219583,-8.91214777768525
11,1,7.47153023752395,-10.4796252569151
11,0,5.99956943154037,-8.42723034033632
11,1,7.66557462361243,-9.08633086686048
11,0,6.43933260753344,-8.85534781144422
11,1,8.0007387812386,-11.4023635449811
11,1,7.10679701043956,-10.2547507413478
11,1,6.78237803310427,-9.46863420132491
12,1,-8.04503179433694,-4.13283891495607
12,1,-8.48257599333435,-4.18595957327949
12,0,-9.28275864027966,-4.03038937772708
12,0,-9.20399334097688,-3.54304577545481
12,1,-6.72841807109919,-5.8907035101623
12,1,-8.0903369596423,-4.43994944978679
12,1,-8.19044623964052,-4.22521257859575
12,1,-8.0591107385664,-4.69326439921047
12,0,-9.03811148383293,-4.41480653204001
12,0,-8.62454874616037,-4.92382729083926
12,1,-7.74634971449438,-4.26539967041138
12,0,-9.35122514347343,-2.52569375568381
12,0,-8.85342329523823,-4.15094730319567
12,1,-9.0820573102789,-3.95425441910295
12,1,-8.69742816737119,-3.92941170575371
12,0,-8.34061074204944,-5.72053477317509
12,1,-7.59049786086683,-5.59934838978876
12,1,-7.8688327498267,-4.0549572065519
12,1,-8.98101333755178,-3.69684017840515
12,1,-7.88282521621508,-5.20059692929633
12,0,-9.59957521207399,-4.41702410906023
12,0,-10.4059599736034,-2.74879610940708
12,1,-8.60760968418364,-3.81546509454411
12,1,-7.64753461788422,-4.96646041799489
12,1,-7.75206966337681,-4.84067400561715
12,1,-8.24601510095695,-4.20376110789304
12,1,-7.84745687320152,-4.403632649949
12,1,-7.94213698445711,-4.38464945423839
12,1,-7.83667657538446,-4.61153998779062
12,1,-8.48440150464834,-3.90392163738403
12,1,-8.73645531835309,-3.6525368068596
12,0,-8.59785175403253,-3.70666457999029
12,1,-7.56193345183089,-4.9525389610314
12,1,-8.95054028497465,-4.01881548877563
12,0,-8.7716080627156,-3.63114069293308
12,1,-7.81340206031473,-4.94140366459911
12,1,-8.12214020395155,-4.86871254851035
12,1,-7.56282245606338,-5.97613203990949
12,0,-9.32686373378041,-4.42483839382763
12,0,-9.15304516618751,-3.37294523128458
12,0,-10.4804204768429,-3.15981450042347
12,0,-9.48917070765068,-3.14201322788315
12,0,-8.18203088942596,-4.41025299569858
12,1,-8.32017630645267,-5.6235694926106
12,0,-8.00041586280389,-3.76334806191457
12,1,-8.25145037701925,-3.64773520377324
12,1,-8.88376623860158,-4.03368693023674
12,1,-7.70892202577353,-4.02722890411834
12,1,-7.75634956820766,-5.41223300609431
12,0,-10.0390578805563,-3.74917648274011
12,1,-8.4618667084223,-4.05023861308832
12,0,-8.68183692380932,-4.9789005019059
12,1,-8.84088981369396,-3.92841065452777
12,0,-9.04404537035862,-3.60304215296713
12,0,-8.63402679027895,-4.74019339684915
12,0,-8.96761101284065,-4.0206668151701
12,0,-9.15943726064804,-3.27196885079062
12,0,-8.90741462003939,-2.61332152208883
12,0,-9.02965243508578,-4.62900930411756
12,0,-8.99457504922429,-3.76903069473685
12,1,-8.83556716301536,-2.73981683095808
12,1,-7.49033616269594,-4.81204748687084
12,0,-9.14297529255808,-3.80570926532656
12,0,-8.041233237242,-5.12207638669264
12,0,-8.29879206419966,-4.96592307327278
12,1,-7.30265710624836,-4.91228579874499
12,1,-7.63949235316127,-5.39046370192491
12,1,-8.27045720687809,-3.01103392746278
12,0,-9.10054035740902,-3.69610736827283
12,0,-9.51996677650333,-4.72498073560796
12,0,-9.07347488978386,-4.45073167009685
12,1,-8.0150063578078,-4.28676732142929
12,1,-8.85388931369455,-4.3055560659366
12,1,-8.59352530344063,-3.97349692636496
12,0,-9.27068427631241,-4.05766359543145
12,1,-7.76605462997916,-5.17995150229754
12,1,-8.37942182015549,-3.78120199551396
12,0,-8.83830601362635,-3.10494111104785
12,1,-8.05814313388373,-3.80843768371104
12,0,-9.7587401035528,-3.52438282341268
12,0,-9.40934871841098,-3.41944341818138
12,0,-8.98625394980534,-3.18968467021183
12,1,-8.16935814681484,-4.44361845535703
12,0,-9.48656529033152,-4.03949040818328
12,1,-7.76012760759853,-4.45792060272854
12,1,-6.99732637626816,-5.48700781116859
12,1,-8.33477240912181,-3.58272200451325
12,0,-8.53398291147982,-4.6485957909373
12,1,-7.79045603347089,-5.13039599648741
12,1,-8.45140174558338,-4.33484736499689
12,1,-8.70617607626388,-2.69458452170184
12,1,-8.19201988006218,-5.80469850036968
12,1,-7.75251924524199,-3.74978584433255
12,1,-8.28152210014018,-3.62982678488281
12,1,-8.36290821874332,-4.84011354398488
12,0,-8.99944762658494,-3.63980413541688
12,0,-9.11168970325029,-4.33826073724198
12,1,-7.91809470241835,-4.48759982015747
12,0,-9.17542757380833,-3.37274244438066
12,0,-8.55309978934563,-3.48593135087284
13,1,14.5152930994926,-9.20343125419399
13,1,13.9080781861482,-9.55546448323048
13,1,13.7670854265382,-8.46338479960837
13,1,14.8871562774281,-8.67911475325621
13,0,13.228460659952,-8.24085064815313
13,1,14.0627904522123,-9.19441150676044
13,1,13.7312936720066,-8.63193239161096
13,1,14.5335635083015,-9.68736464264233
13,0,13.335932251121,-7.18951474919253
13,1,13.7295253072192,-9.11582016500902
13,0,13.0469827213189,-8.2500719271846
13,1,13.163945522887,-8.68802421828308
13,1,14.135636899539,-10.2359197357895
13,1,13.8963732723055,-8.55297091919553
13,1,13.3452152178718,-8.21549858382539
13,0,12.6353351525946,-8.16527268791813
13,0,13.007849092014,-8.0036566889638
13,0,13.6767170344531,-7.25424089256807
13,1,14.0500632847422,-8.90079191212389
13,0,12.6976656676312,-7.50684105838957
13,0,12.6830637848383,-7.04475902741242
13,1,13.5730897877833,-9.23202691704615
13,0,12.4395636620008,-7.69005197698726
13,1,13.9263642359745,-8.79318742204715
13,1,14.24515008857,-8.67240790978764
13,1,13.6597860868062,-8.57868554164421
13,1,12.8282664456315,-8.12399402616757
13,1,13.7228761767869,-8.95295284645051
13,0,12.8350154592402,-8.57995054759539
13,0,12.1241695456697,-6.89854764192599
13,0,12.6765366686645,-7.05160334096517
13,0,12.7382282682727,-7.52664768767102
13,0,11.6286073011259,-7.76204904989794
13,1,14.43991112723,-9.03124527426805
13,0,13.1367278990478,-7.27950686046601
13,1,14.156199444969,-9.09537099173102
13,1,13.3391223397772,-8.34156439530701
13,0,12.33278767362,-7.56437532267916
13,0,13.722467372699,-7.55001309990696
13,1,13.5925622853549,-9.04614235267095
13,0,12.5692463913555,-8.23471544710961
13,1,13.0172485262439,-8.82421798109587
13,0,12.4202060617371,-7.57619530883323
13,1,13.7778836664067,-8.07271438689807
13,1,13.4412439397893,-7.92930758709919
13,1,13.8315048772488,-9.63854894552693
13,0,13.491827296827,-8.32743546424032
13,1,13.7252442971208,-8.61562378643962
13,1,13.4849960863808,-8.33255323410109
13,1,13.162297751011,-8.81846691930149
13,1,14.3537542454305,-9.61680406250111
13,0,12.460231063464,-7.56913201122771
13,1,13.0050490295368,-8.36513351750881
13,0,12.7857242838017,-8.0599055716601
13,0,12.609710394829,-8.34886549287972
13,1,14.7766118714965,-9.04845533212705
13,1,13.3306814410282,-9.41311195403418
13,1,13.6417180232242,-7.52609406394551
13,0,12.5594200225447,-6.91582421532782
13,0,12.6470432667162,-7.75644679788552
13,0,12.5447361926723,-7.69785674949292
13,0,12.8760836298596,-7.54740532632523
13,1,13.9210253165993,-9.50306074404381
13,1,13.3328503121067,-8.86710094655489
13,1,14.1458950342474,-9.78029974534603
13,0,12.6700585292832,-7.44773266988269
13,1,14.188239061934,-8.8979830717788
13,0,13.3829573488689,-7.37453586519214
13,1,13.7721671736449,-9.10024209224778
13,1,13.6431600043554,-9.13541538385707
13,1,13.5822221542233,-7.66209189227484
13,1,14.410262745609,-8.26353201333352
13,0,12.8862220438694,-7.84787703313913
13,1,13.7250630499234,-8.43140600433449
13,1,13.7473657345722,-8.26887130866405
13,1,13.5892385376973,-8.76038299532074
13,1,13.4733775776332,-7.88668336269042
13,0,11.5190154941268,-5.83583390128107
13,0,13.0742806216696,-8.33391311301909
13,1,13.4995033663894,-7.49231067626745
13,0,12.7878367591869,-7.99209384102942
13,0,12.8172004543159,-7.54098968815957
13,0,13.1885789787901,-9.04270279493616
13,1,13.697963224516,-6.91096243628431
13,1,13.4919492456544,-8.65175504861054
13,0,12.0217859965395,-6.60039212133337
13,0,13.0611041391048,-8.09257023611413
13,0,13.2003447732664,-7.89566883462591
13,1,13.5406544729005,-8.47344951150831
13,1,13.8220697697955,-9.2151636792227
13,0,12.7655055489878,-8.47298808691359
13,0,13.0820614880759,-7.8243140142001
13,0,12.3463876354321,-7.29509575045192
13,0,12.0155126849468,-8.13410201854444
13,0,12.3914473682585,-7.81658906405736
13,1,13.1469412189741,-8.14099186974582
13,0,12.3093666118217,-8.72005169683919
13,1,14.4011277576529,-10.8617625734925
13,0,12.4115367122401,-7.51190691301379
13,0,12.5494641606635,-7.23580184384922
14,0,-7.86522527898711,8.0690344046686
14,0,-8.58847720454898,8.64617196840586
14,0,-8.48257863583311,9.02368071932559
14,0,-8.63066377156895,8.4224503953894
14,1,-7.53974081822826,7.34382150213883
14,1,-8.30459904691475,7.57463101576144
14,0,-7.73054862305446,8.24267287039762
14,0,-8.8521314514435,8.09653874771475
14,1,-6.83276092673885,7.91919105861832
14,0,-8.384104927924,8.41070482619849
14,0,-7.82517405013008,8.55454102462937
14,1,-7.64504383557641,6.96673880825275
14,0,-9.19993111617006,9.3200313003211
14,0,-8.52637834733544,8.1862454026824
14,0,-8.67210005191658,7.74491935470461
14,1,-8.6804319998478,7.8872118081122
14,1,-7.46693711257893,7.06623748671343
14,1,-8.22734581234915,6.94383501530982
14,0,-7.46924511339286,8.63455979376319
14,1,-7.69562068528401,8.50604343072711
14,0,-9.17738451785335,7.91724408308272
14,0,-7.98402438328819,9.26424979285602
14,0,-8.46796993670571,8.38812577965121
14,1,-7.31542081307022,7.11876552509185
14,1,-7.43499598469248,6.27161867191683
14,0,-8.73930064879431,7.97554920943267
14,1,-7.33444470481634,7.30288634015269
14,1,-8.06108935421504,7.3817281105613
14,0,-7.88543972325236,7.67259118390699
14,1,-8.3614583850544,7.20453218956131
14,1,-7.23648132511156,8.49328571126908
14,1,-8.16978877131186,7.06960020376301
14,0,-9.79223226069862,9.00946130380723
14,0,-9.15391023088438,9.74523611751018
14,0,-9.44909838776461,9.03798408180215
14,0,-8.09017660926764,7.3873579612753
14,1,-7.11582770594617,6.53686870308219
14,0,-9.57613701731125,8.54255765717975
14,1,-8.20765705270442,6.84039603499848
14,0,-8.83306523467514,8.27831068749854
14,1,-8.22455856208839,7.99158860625017
14,0,-8.41604802387286,7.69497647095993
14,1,-7.26764533124045,7.17964745195733
14,0,-9.02820770750776,7.75166937790884
14,0,-8.01438291426684,7.69586522417858
14,1,-6.62965827680132,6.32501517239998
14,0,-9.9538176228128,8.17962909294099
14,0,-9.14869277289325,8.42341237632218
14,1,-7.47034862208069,8.6961468240926
14,0,-8.8671003329132,8.20162388443259
14,1,-7.3358166854357,8.08060756652896
14,0,-8.48788319637291,8.36114415526035
14,1,-7.61744729450981,7.04410977522623
14,0,-8.21631760470302,8.11405661432248
14,1,-7.58925069425752,7.94272033922402
14,0,-7.89512721284264,8.58456378153485
14,1,-6.51429039683251,6.64711104577253
14,0,-8.66343455837644,7.67499995855716
14,1,-8.25168857663262,7.05600816315962
14,0,-9.25773506651473,9.00399585495669
14,0,-8.47963412151775,8.21967932981897
14,1,-7.37150730379596,6.40162506860716
14,1,-8.17471495246453,8.0850676950775
14,1,-6.32417502627587,7.21914247557147
14,1,-7.97980129975175,7.29959058739503
14,1,-7.29109630013697,6.96312010114019
14,1,-7.79687754801667,7.93211409503094
14,1,-7.0322650066617,7.70388298217982
14,1,-6.65948347758172,7.55360331886776
14,0,-8.45359841100151,9.10486495492776
14,0,-8.35642975866125,8.52177957212824
14,1,-7.20883149582542,6.65625945353029
14,0,-8.22180181507781,8.68070772762365
14,1,-8.01466357299246,6.6684731802536
14,1,-6.64326135376917,7.19482497931136
14,1,-7.66031538489564,7.1275615651975
14,0,-9.38889679363464,9.15701065050049
14,1,-7.73980636332245,8.55481111789816
14,0,-9.28975593230318,8.48650145175697
14,1,-8.19833885164449,7.18698099811195
14,1,-7.93032970079812,8.01449972616015
14,0,-9.00024347094231,7.62606029882075
14,1,-8.31225353939897,7.94450961663004
14,1,-8.56704259035729,7.55355511384707
14,1,-7.39648507167502,7.22723412872277
14,1,-8.65741868557248,6.95149016480131
14,1,-6.7154921942633,6.77896710698996
14,1,-8.35483532414995,7.54964051728502
14,0,-8.11124622895638,8.63564748899167
14,1,-6.83735205192979,7.38960816193789
14,0,-8.08541167714128,8.30181297133166
14,0,-8.01186386570481,8.09523019187879
14,0,-8.74867145954017,8.91105093900061
14,1,-7.36896114064095,7.07684776644944
14,0,-8.64892881815042,7.93193257834489
14,0,-8.7024159943493,7.75227172298614
14,0,-8.74906667192723,8.70665620901322
14,1,-7.73426651308053,7.65274479276424
14,1,-5.57952705162591,6.61508536086763
14,0,-7.69818297379138,8.45020647951762
15,1,-3.40743987012373,-13.6427092060383
15,0,-5.03610300857114,-12.450947602028
15,1,-3.83150155919589,-13.0202702648141
15,1,-3.77935076023321,-13.127766508276
15,1,-3.91674656478844,-12.9863262855963
15,1,-3.8848472848866,-12.4283208824454
15,0,-4.9684498087695,-12.5964853297724
15,0,-4.50434271468406,-13.2604308782236
15,0,-4.49897143517468,-12.2566732436757
15,1,-3.14116599393401,-13.8499539108959
15,1,-3.70968556965438,-13.4752382602577
15,0,-5.08744155965946,-11.956208526895
15,0,-5.46416823719446,-12.432372646878
15,0,-4.90397347057803,-12.3986973400212
15,0,-3.89096979165834,-12.8080072673708
15,0,-5.52573872392375,-10.9573529468075
15,1,-4.48651745211073,-12.7780185085032
15,0,-4.26012983669311,-11.4708452821512
15,0,-5.18422417012876,-12.3132951631936
15,0,-4.73148500857731,-12.9284716598721
15,1,-4.64410059544949,-12.737101247605
15,0,-4.40229036147805,-12.908656709488
15,1,-4.10417140548598,-13.4917024589881
15,0,-5.05692529863244,-11.6098346368166
15,0,-4.88579381096759,-12.5849258489812
15,1,-3.8395295774417,-12.958268796976
15,0,-5.25692286070189,-12.0530827948524
15,0,-4.69380071955057,-12.7441083952463
15,0,-4.65998651380998,-12.4949083988607
15,0,-4.84998823717014,-11.2403216069932
15,1,-3.64597183369146,-13.6008204873759
15,0,-3.88126251019053,-12.9470529319072
15,0,-4.08517594733194,-11.9363292735063
15,1,-3.72675251133546,-13.6145430902493
15,1,-3.51763669893366,-13.7077570648932
15,1,-4.27403702894558,-12.6279025055733
15,0,-5.57164384355594,-12.3108564467293
15,0,-4.26734610076086,-11.7974586056203
15,0,-4.5249952265574,-13.0008018825796
15,0,-4.29353213899568,-12.0427074191199
15,0,-4.60696017794614,-12.6772219479887
15,1,-4.03880375929835,-12.09448404964
15,0,-5.32097340049962,-11.9392674451736
15,1,-2.44126913322011,-14.7372293619506
15,0,-4.62063610475149,-12.5387878520915
15,0,-4.41946920941703,-13.0385518652088
15,0,-4.43309353586428,-13.3674026003751
15,0,-4.83067856000295,-12.1393631863324
15,1,-4.45672777893658,-12.4924896843045
15,0,-5.79059079984489,-11.8231784958369
15,1,-3.32774420853393,-12.9137427512601
15,0,-5.65042251943525,-11.5060811672124
15,1,-4.61660365955347,-12.3263041967637
15,0,-5.57868068248915,-12.0474565659755
15,1,-3.95134445020994,-12.8995134801717
15,1,-3.85489115536745,-13.188801990462
15,0,-4.93776422574283,-12.9949312766981
15,1,-3.89595657909155,-13.7934037885712
15,1,-3.86053240624028,-12.9165948849556
15,0,-5.10758468659266,-12.2375954926267
15,0,-5.02833666497942,-13.4089892827307
15,1,-3.31512192672674,-13.7129729362808
15,0,-4.79288334533853,-12.4101697936822
15,1,-4.82304846472192,-12.8107683213636
15,0,-3.90991555852995,-11.8774041999751
15,1,-4.93895479759608,-11.7636148593591
15,0,-4.7386857226467,-11.4828667449709
15,1,-3.40224403857992,-13.5767347256463
15,1,-3.67681833964812,-12.430287397198
15,1,-4.11837083312572,-12.67682281735
15,0,-4.79306765922241,-12.0619749510002
15,0,-4.30849685642964,-12.3277382370902
15,1,-3.75556754778042,-13.1441666785358
15,1,-4.31351457226082,-13.260492806722
15,0,-3.29224321214912,-13.3223232023913
15,1,-4.34453475733405,-12.022202612815
15,1,-4.44927490497098,-13.4407884446898
15,0,-4.74443398272409,-12.0582724541532
15,1,-3.87602488237704,-13.942027695947
15,0,-5.06123121418281,-11.4835840531949
15,0,-4.23693391129835,-12.8050254790264
15,0,-3.86658963495633,-13.7904277929796
15,1,-3.79715733147191,-13.7746740954149
15,1,-4.13144615776749,-13.3989747898772
15,1,-3.63909303493735,-13.7208678946609
15,0,-6.00513324003362,-11.6170550266469
15,1,-3.43077418161526,-13.7210187672459
15,0,-4.03951407954452,-12.1285626560403
15,0,-3.91478804063031,-12.2613767827936
15,1,-2.8147809933565,-14.7187095932272
15,0,-4.2116132377673,-11.9891923270163
15,0,-4.66170318969812,-12.2106437686452
15,0,-5.02064667860251,-12.2683619103935
15,0,-5.51933364591875,-12.1325149757138
15,1,-3.78306778960693,-12.9032401510334
15,0,-3.97106120910289,-13.8038144179667
15,1,-3.55018156749601,-12.8233575484812
15,0,-5.22626950349875,-11.9008016297134
15,0,-4.29065880954583,-12.4820215996652
15,1,-4.79826953321745,-13.3791120659936
16,1,-3.80018439606514,3.57267300843451
16,1,-2.95221384603219,1.93622640997467
16,0,-3.49398660670696,3.23024363181134
16,1,-3.55523779399103,2.28197963992126
16,0,-4.26811820291448,3.34383739733163
16,1,-3.17310541382307,3.30412256282918
16,0,-4.12414604385579,2.69769917658231
16,0,-4.13157595151109,4.13285753283143
16,0,-4.25253690177728,3.07708072569348
16,0,-4.17134932138631,2.41599239760992
16,0,-3.79123337624291,4.57072483745846
16,0,-3.72226100204127,3.25719813144355
16,0,-3.70092457535711,3.15516264559981
16,0,-4.07009962637364,3.04373490599146
16,1,-3.09698828475491,3.10114994947738
16,1,-2.88370937220379,2.80827933616236
16,1,-3.02656122773185,3.20450591025179
16,0,-4.11495281369473,3.01801511303338
16,0,-4.21377086472147,3.6864758521058
16,0,-3.39382064460046,2.91881656847143
16,1,-2.73159917041344,2.13464836594981
16,0,-3.80719085186432,2.81546964536389
16,0,-3.74018841985046,3.20958669490309
16,0,-3.9239735563896,2.35064530046048
16,1,-3.73756389072545,2.17644514040949
16,1,-3.12610562560752,1.61543645944046
16,0,-4.41255173040719,3.13112281903707
16,0,-4.5264856054759,3.56964569794624
16,0,-4.63944402147672,3.74000786011352
16,0,-3.47288042575638,2.46525415833829
16,0,-4.50102441229069,3.38535183001424
16,0,-3.70863102175315,2.70642365660719
16,1,-3.29819157301036,2.76416427809842
16,0,-3.87159334743204,2.62784764602873
16,0,-3.69748894746571,2.73493534153024
16,0,-3.98225414103658,2.7559698560827
16,1,-3.78413931953141,3.40031416873233
16,1,-2.96218036369455,2.66337592600285
16,1,-3.30394096073973,3.136421808902
16,1,-3.05472377512185,3.11318842369878
16,1,-3.40999245321186,2.33579919478305
16,0,-3.47622629142413,3.29649881006219
16,1,-3.1649441117493,2.35531532902127
16,0,-3.76840652511713,3.26166731096063
16,0,-3.76541988096426,3.65485207324988
16,0,-3.80590132874664,3.4006954866531
16,0,-3.68723774464059,4.17768251883748
16,0,-3.39302904076268,1.89285230508755
16,0,-3.32423700357686,1.98042294761017
16,0,-4.41465877224324,4.13142648145562
16,1,-3.08730103164205,1.76541218187476
16,1,-2.67603882533164,1.82572090673445
16,0,-4.2954481856933,3.37923608223773
16,0,-4.40118620084436,3.52767637177499
16,0,-3.45008632059259,2.8899296292395
16,1,-2.69205156730213,1.76086302658403
16,1,-3.26787965017688,2.47583349012263
16,0,-3.58789737000831,2.94035850447066
16,0,-4.24531201706673,3.66296329466845
16,0,-3.69641350642616,1.71432608748411
16,0,-4.32390007869653,3.03727078143982
16,1,-2.80579392898117,1.48185305565133
16,1,-3.45230695899521,2.2211462720553
16,0,-4.12773071087129,2.91563380739488
16,1,-2.87425735107802,2.39251166162979
16,0,-5.66277137147982,5.73479683492303
16,0,-4.33290819807733,2.59590841718452
16,0,-3.37348400189536,2.34875853868493
16,1,-2.37260667060734,2.50358545173802
16,0,-3.29766611273144,2.72560664043375
16,0,-3.89154121425851,2.37720751868394
16,1,-3.52332383068057,3.08045637119395
16,0,-3.79995016939059,2.84910638714197
16,1,-2.77892969411933,1.81960448653778
16,0,-3.48633073336931,2.77328144590244
16,1,-3.23981291203773,2.36885877923201
16,1,-3.38082825907669,2.92603654698883
16,0,-3.65658437839955,2.65581047888317
16,0,-3.83476157325753,3.12884091146798
16,1,-2.37008372021926,1.64996525903586
16,1,-2.62467502479955,2.58673163677905
16,1,-3.87896477512724,2.98868121940078
16,1,-2.68633337093575,2.34714652506387
16,0,-4.04169855509916,2.26066446758256
16,0,-3.92766563083839,3.91250685266767
16,0,-4.2350808906978,3.04725317720258
16,1,-1.98861139706896,1.56532932211005
16,1,-3.22012531620053,2.78345673640677
16,1,-3.02133481911139,2.15776535777538
16,1,-3.33371265758566,2.6077580219233
16,1,-3.16252810759983,2.46468011890744
16,0,-3.5915771621668,2.19317239960669
16,1,-3.10073499827951,2.73588418576866
16,1,-3.23561712274521,2.84904662712716
16,0,-3.9249820025698,3.49455550886118
16,1,-2.84314822037588,1.67565602054999
16,0,-4.03952429675987,2.73795414203115
16,0,-3.69847083138763,3.52562225594968
16,1,-2.37376313246413,2.6757727904977
16,0,-4.72692042468864,4.03569405701246
